Detection_ID,Plate_Number,Confidence,Camera_ID,Camera_Name,Timestamp_PTS,Timestamp_UTC,Watchlist_Flag,Reason
gov-cam01-1788528816591,FETF,0.0,cam01,01 Chiman bhai Bridge,,,False,NONE
gov-cam01-1788528817591,CH1MAN,1.0,cam01,01 Chiman bhai Bridge,,,False,NONE
gov-cam01-1788528817924,4S32,0.3,cam01,01 Chiman bhai Bridge,,,False,NONE
gov-cam02-1788528920517,JANPATH,1.0,cam02,02 Janpath,,,False,NONE
gov-cam02-1788528920517,CS1TMS,1.0,cam02,02 Janpath,,,False,NONE
gov-cam02-1788528920517,PT22,0.6,cam02,02 Janpath,,,False,NONE
gov-cam02-1788528920851,JANPATH,0.9,cam02,02 Janpath,,,False,NONE
gov-cam02-1788528920851,IJPTZ2,0.5,cam02,02 Janpath,,,False,NONE
gov-cam02-1788528920851,CS1TMS,1.0,cam02,02 Janpath,,,False,NONE
gov-cam01-1788529118493,FETF,0.0,cam01,01 Chiman bhai Bridge,,,False,NONE
gov-cam01-1788529119326,CS1TM532,1.0,cam01,01 Chiman bhai Bridge,,,False,NONE
gov-cam01-1788529119326,CH1RAVAN,0.4,cam01,01 Chiman bhai Bridge,,,False,NONE
gov-cam01-1788529119326,BR10GE,0.6,cam01,01 Chiman bhai Bridge,,,False,NONE
gov-cam01-1788529119326,PT22,0.8,cam01,01 Chiman bhai Bridge,,,False,NONE
gov-cam01-1788529119326,PHA1,1.0,cam01,01 Chiman bhai Bridge,,,False,NONE
gov-cam01-1788529119493,CH1MAN,1.0,cam01,01 Chiman bhai Bridge,,,False,NONE
gov-cam01-1788529119826,4S32,0.3,cam01,01 Chiman bhai Bridge,,,False,NONE
gov-cam01-1788529119993,SITMS,1.0,cam01,01 Chiman bhai Bridge,,,False,NONE
gov-cam01-1788529120326,CH1MAN,1.0,cam01,01 Chiman bhai Bridge,,,False,NONE
gov-cam02-1788529373885,EUUATNT,0.0,cam02,02 Janpath,,,False,NONE
gov-cam02-1788529447913,EUUATNT,0.0,cam02,02 Janpath,,,False,NONE
gov-cam02-1788529450846,JANPATH,1.0,cam02,02 Janpath,,,False,NONE
gov-cam02-1788529450846,CS1TMS,1.0,cam02,02 Janpath,,,False,NONE
gov-cam02-1788529450846,PT22,0.7,cam02,02 Janpath,,,False,NONE
gov-cam02-1788529451113,JANPATH,1.0,cam02,02 Janpath,,,False,NONE
gov-cam02-1788529451113,CS1TMS,0.5,cam02,02 Janpath,,,False,NONE
gov-cam02-1788529451113,PT22,0.6,cam02,02 Janpath,,,False,NONE
gov-cam02-1788529451646,JANPATH,1.0,cam02,02 Janpath,,,False,NONE
gov-cam02-1788529451646,IJPTZ2,0.8,cam02,02 Janpath,,,False,NONE
gov-cam02-1788529451913,CS1TMS,1.0,cam02,02 Janpath,,,False,NONE
gov-cam02-1788529451913,JANPATH,1.0,cam02,02 Janpath,,,False,NONE
gov-cam02-1788529451913,PT22,0.5,cam02,02 Janpath,,,False,NONE
gov-cam02-1788529452179,JANPATH,0.9,cam02,02 Janpath,,,False,NONE
gov-cam02-1788529452179,CS1TMS,0.9,cam02,02 Janpath,,,False,NONE
gov-cam02-1788529452179,PT22,0.6,cam02,02 Janpath,,,False,NONE
gov-cam02-1788529452979,JANPATH,0.6,cam02,02 Janpath,,,False,NONE
gov-cam02-1788529452979,CS1TMS,1.0,cam02,02 Janpath,,,False,NONE
gov-cam02-1788529452979,PT22,0.6,cam02,02 Janpath,,,False,NONE
gov-cam02-1788529453246,JANPATH,0.6,cam02,02 Janpath,,,False,NONE
gov-cam02-1788529453246,CS1TMS,0.6,cam02,02 Janpath,,,False,NONE
gov-cam02-1788529453246,PT22,0.5,cam02,02 Janpath,,,False,NONE
